Class,NT,NT,TT,TT,BV,BV,BG,BG
model,BL,HM,BL,HM,BL,HM,BL,HM
Accuracy,0.8611043572425843,0.9539106488227844,0.5064166903495788,0.5539658069610596,0.8740800261497498,0.9197658061981201,0.8157595634460449,0.815945816040039
Precision,0.8300601363182067,0.8670330047607422,0.3715379163622856,0.396012145280838,0.719912850856781,0.733387154340744,0.9051027894020081,0.9738914251327515
Recall,0.8611043572425843,0.9539106488227844,0.5064166903495788,0.5539658069610596,0.8740800261497498,0.9197658061981201,0.8157595634460449,0.815945816040039
F1 score,0.8339604496955871,0.9062053561210632,0.4029796451330185,0.4165232390165329,0.7817301511764526,0.8017971396446228,0.8538882017135621,0.8844878792762756
AUC ROC,0.9554312348365783,0.9892665266990661,0.8927720189094543,0.8978938341140748,0.978979766368866,0.9743688344955445,0.9546071052551269,0.9483328104019165
