Class,NT,NT,TT,TT,BV,BV,BG,BG
model,BL,HM,BL,HM,BL,HM,BL,HM
Accuracy,0.8868220835987032,0.951714801481498,0.9124909476936456,0.9322284718976502,0.935061260446715,0.943784938018523,0.8895677395104242,0.9180766713818703
Precision,0.7882938760062043,0.8570791776731329,0.47970900506645975,0.5472734469388213,0.7832298067455389,0.7602096145250359,0.9122719407081604,0.9652811884880066
Recall,0.7651859392886454,0.9301403204225144,0.4039666278487338,0.4807414150979769,0.8347256667674424,0.8897326430495904,0.8668856424093246,0.8882384842634201
Specificity,0.9257862635378568,0.9531724632910963,0.9542613987411771,0.9730926964964185,0.9512272416328897,0.9528129058224815,0.9151854252815247,0.9792068016529083
F1 score,0.7413848723819751,0.8727049408656247,0.3980862332142091,0.46672636796055095,0.7447753291843193,0.7854851286630241,0.8633591032028198,0.912143561244011
